dataset,avg_cost,avg_score,n_prompts
AIME,0.0059175080833333326,0.9666666666666668,60
GPQA,0.0013616773833333335,1.0,60
LCB,0.004788095,1.0,60
MMLU-Pro,0.0008649496166666667,0.9666666666666667,60
