model,weighted_x
GLM-Z1-9B-0414,0.575
kimi-k2-0905,0.1
Intern-S1-mini,0.08333333333333333
Llama-3.1-8B-Instruct,0.07083333333333333
glm-4.6,0.058333333333333334
gemini-2.5-flash,0.05416666666666667
qwen3-235b-a22b-thinking-2507,0.041666666666666664
gpt-5,0.016666666666666666
