{
  "n_prompts": 240,
  "n_models": 32,
  "B_grid": [
    1e-05,
    0.0001,
    0.0003,
    0.0005,
    0.001,
    0.002,
    0.005,
    0.01,
    0.02,
    0.05,
    0.1
  ],
  "K_grid": [
    1,
    2,
    3,
    4,
    5,
    6,
    7,
    8,
    9,
    10
  ],
  "delta_grid": [
    0.0,
    0.1,
    0.2,
    0.3,
    0.5,
    0.7
  ],
  "Q_grid": [
    0.7,
    0.8,
    0.85,
    0.9,
    0.93,
    0.95,
    0.97,
    0.98
  ],
  "best_single_model": "gpt-5",
  "best_single_score": 0.8875,
  "best_single_cost": 0.04254848645833334,
  "oracle_score": 0.9833333333333332,
  "oracle_cost": 0.0016993595708333334,
  "sbb_score": 0.8875,
  "sbb_cost": 0.037822651458333335
}